"","StandNumber","StateOrProvince","Latitude_Degrees","Longitude_Degrees","Elevation_ft","growingSeason_days","heightGrowth_mm","growthCessation_weeksAfterJuly6_1966","ID2","Latitude","Longitude","Elevation","Tmax_wt","Tmax_sp","Tmax_sm","Tmax_at","Tmin_wt","Tmin_sp","Tmin_sm","Tmin_at","Tave_wt","Tave_sp","Tave_sm","Tave_at","PPT_wt","PPT_sp","PPT_sm","PPT_at","Rad_wt","Rad_sp","Rad_sm","Rad_at","DD_0_wt","DD_0_sp","DD_0_sm","DD_0_at","DD5_wt","DD5_sp","DD5_sm","DD5_at","DD_18_wt","DD_18_sp","DD_18_sm","DD_18_at","DD18_wt","DD18_sp","DD18_sm","DD18_at","NFFD_wt","NFFD_sp","NFFD_sm","NFFD_at","PAS_wt","PAS_sp","PAS_sm","PAS_at","Eref_wt","Eref_sp","Eref_sm","Eref_at","CMD_wt","CMD_sp","CMD_sm","CMD_at","RH_wt","RH_sp","RH_sm","RH_at","CMI_wt","CMI_sp","CMI_sm","CMI_at","MAT","MWMT","MCMT","TD","MAP","MSP","AHM","SHM","DD_0","DD5","DD_18","DD18","NFFD","bFFP","eFFP","FFP","PAS","EMT","EXT","MAR","Eref","CMD","RH","CMI","DD1040","daylength_diff"
"1",2953,"Tennessee",35.2,85.7,1740,180,115,7.9,"Tennessee",35.2,-85.7,530.352,8.9,19.8,29,20.6,-1.1,7.9,17.7,9.1,3.9,13.9,23.4,14.8,445,392,324,292,-9999,-9999,-9999,-9999,76,7,0,4,147,841,1687,918,1267,464,13,412,0,81,502,125,10,67,92,71,12,0,0,0,107,323,457,235,32,33,133,15,66,63,67,64,37.77,15.88,-5.74,4.69,14,24,3,20.9,1454,532,16.5,45,87,3594,2156,709,240,105,301,195,12,-22.6,38.1,-9999,1122,213,65,52.61,2144,4.74807094674562
"2",2954,"Tennessee",35.7,85.3,1420,185,90.2,7.5,"Tennessee",35.7,-85.3,432.816,8.5,19.7,29.1,20.6,-2.7,6.9,17,7.7,2.9,13.3,23,14.2,418,370,337,269,-9999,-9999,-9999,-9999,98,8,0,5,115,796,1655,862,1359,507,16,454,0,73,470,105,8,63,92,64,17,0,0,0,105,328,466,241,31,45,129,36,61,60,65,61,35.83,13.46,-5.14,1.83,13.3,23.7,2,21.6,1394,534,16.7,44.3,112,3428,2336,648,227,111,294,184,18,-24.6,38.4,-9999,1140,241,62,45.98,2029,4.83965427053664
"3",2955,"Ohio",39.5,82.5,830,165,131,7.65,"Ohio",39.5,-82.5,252.984,5,17.8,29.1,19.5,-6,3.8,14.9,5.2,-0.5,10.8,22,12.4,205,291,280,197,-9999,-9999,-9999,-9999,220,20,0,11,48,608,1560,721,1662,703,25,581,0,38,377,67,4,53,92,59,38,1,0,0,0,303,477,220,0,47,197,56,59,56,59,56,17.84,8.26,-12.65,-4.31,11.2,22.8,-1.3,24.1,974,457,21.7,49.9,251,2936,2970,482,208,121,284,163,40,-28.5,38.9,-9999,1000,300,58,9.14,1701,5.58320285887454
"4",2956,"Maine",43.7,70.9,1000,130,96.5,7.25,"Maine",43.7,-70.9,304.8,-0.4,12.1,25.8,14.6,-12.5,-1.2,11.3,1.8,-6.5,5.4,18.5,8.2,283,281,255,304,-9999,-9999,-9999,-9999,628,93,0,34,10,290,1244,422,2195,1165,107,902,0,9,156,13,1,28,92,33,236,40,0,9,0,191,423,161,0,25,168,0,52,56,57,59,28.3,15.76,-8.96,14.4,6.4,19.8,-7.7,27.4,1123,434,14.6,45.6,754,1965,4369,179,154,142,266,125,286,-35.5,37,-9999,775,193,56,49.5,1018,6.52626123645149
"5",2957,"Isle Royale, MI",47.9,89.1,750,120,101.2,6.65,"Isle Royale",47.9,-89.1,228.6,-5,7.9,21.4,10.7,-15.1,-2.9,9.7,1.8,-10,2.5,15.6,6.2,137,176,239,200,-9999,-9999,-9999,-9999,914,183,0,81,1,161,976,327,2512,1428,267,1077,0,2,49,7,0,16,92,39,133,56,1,23,0,143,334,96,0,15,95,0,57,61,64,69,13.74,10.53,-0.7,9.85,3.6,16.9,-11.6,28.5,753,400,18,42.2,1178,1465,5285,58,147,151,269,117,213,-38.3,34,-9999,573,110,63,33.42,659,7.64615621237011
"6",2958,"Indiana",38.3,86.5,700,165,118.7,7.35,"Indiana",38.3,-86.5,30.48,6.8,19.4,30.4,20.6,-4.2,5.8,16.8,6.7,1.3,12.6,23.6,13.6,279,343,308,229,-9999,-9999,-9999,-9999,147,11,0,7,77,740,1709,823,1502,565,12,496,0,63,523,99,5,61,92,62,25,0,0,0,87,321,490,233,25,40,182,56,61,58,61,58,23.81,11.84,-11.06,-2.22,12.8,24.4,0.1,24.3,1159,489,19.7,49.9,165,3348,2574,685,220,114,289,176,25,-26.3,40.3,-9999,1131,303,59,22.37,2014,5.33862946807054
"7",2959,"North Carolina",35.7,82.3,5160,135,134.1,7.9,"North Carolina",35.7,-82.3,1572.768,4.5,13.5,22,14.5,-4.5,3.3,12.7,5.3,0,8.4,17.3,9.9,381,397,423,354,-9999,-9999,-9999,-9999,194,31,0,17,54,430,1134,522,1614,895,156,752,0,9,93,19,6,51,92,61,56,5,0,2,56,247,352,175,24,2,0,0,66,66,71,70,34.96,24.5,15.48,19.27,8.9,17.8,-0.5,18.3,1554,657,12.2,27.1,242,2139,3417,121,209,122,286,164,63,-27.2,31.4,-9999,830,26,69,94.22,1012,4.83965427053664
"8",2960,"Michigan",45.9,84.8,625,140,126.6,6.9,"Michigan",45.9,-84.8,190.5,-2,8.9,23.1,12.7,-10.5,-1.5,12.1,4.2,-6.3,3.7,17.6,8.5,120,179,206,231,-9999,-9999,-9999,-9999,610,142,0,34,6,204,1164,440,2174,1321,151,884,0,3,118,16,1,28,92,55,95,43,0,6,0,150,352,123,0,21,146,0,65,64,67,72,11.94,9.75,-5.84,11.07,5.9,18.8,-7.4,26.2,737,375,21.5,50.2,786,1814,4529,137,176,139,278,139,144,-32.6,35.1,-9999,625,167,67,26.93,915,7.08658286066276
"9",2961,"Michigan",45,85,1000,110,163.8,7.55,"Michigan",45,-85,304.8,-1.8,11.8,25.9,14.2,-10.9,-1.7,11.3,3,-6.3,5,18.6,8.6,148,185,231,259,-9999,-9999,-9999,-9999,616,122,0,38,8,287,1254,459,2181,1203,101,873,0,8,161,18,1,28,92,46,119,33,0,8,0,190,421,148,0,51,191,0,62,55,57,64,14.74,6.27,-11.9,10.5,6.5,19.6,-7.3,27,823,406,20,48.4,776,2008,4357,187,167,140,273,133,160,-33.2,37,-9999,759,242,60,19.6,1055,6.85096375054098
"10",2962,"Wisconsin",44.9,87.2,600,145,130.4,7.3,"Wisconsin",44.9,-87.2,182.88,-1.5,10.5,25,14,-10.4,-0.1,13.1,4.4,-6,5.2,19,9.2,110,198,243,202,-9999,-9999,-9999,-9999,590,98,0,33,9,275,1293,506,2151,1183,93,819,0,7,193,24,1,31,92,58,86,23,0,4,0,166,384,139,0,21,142,0,63,64,64,69,10.87,9.74,-5.9,5.97,6.9,20.2,-7.4,27.6,753,411,22.4,49.2,722,2084,4247,225,182,135,280,145,114,-33.1,36.9,-9999,690,163,65,20.67,1115,6.8253496853998
"11",2963,"Wisconsin",43.1,88.4,900,165,114,7,"Wisconsin",43.1,-88.4,274.32,-1.1,13.3,27.3,15.7,-10.6,1.7,14.4,4.4,-5.9,7.5,20.9,10,103,201,266,197,-9999,-9999,-9999,-9999,582,67,0,30,13,428,1460,572,2142,984,42,753,0,20,306,36,1,40,92,58,81,10,0,3,0,236,427,165,0,45,161,0,61,62,62,64,10.29,6.13,-9.02,2.41,8.1,21.9,-7.4,29.4,768,435,23.6,50.4,679,2473,3922,363,191,127,281,154,94,-33.6,39.2,-9999,828,206,62,9.81,1405,6.38214850896178
"12",2964,"Minnesota",44.2,94.1,800,150,95.4,6.9,"Minnesota",44.2,-94.1,243.84,-2.6,13.4,28,15.5,-13.7,1,14.7,3.1,-8.1,7.2,21.4,9.3,67,198,309,154,-9999,-9999,-9999,-9999,763,92,0,48,8,444,1507,541,2345,1013,34,821,0,26,343,33,0,36,92,52,62,17,0,4,0,203,436,163,0,47,126,17,54,59,61,60,6.74,5.23,-6.6,-2.07,7.4,22.5,-10.1,32.6,729,481,23.9,46.8,902,2499,4213,401,180,128,277,149,84,-36.7,40.6,-9999,802,190,59,3.29,1447,6.64906604543094
"13",2965,"Minnesota",47.2,95.2,1480,100,127.6,7,"Minnesota",47.2,-95.2,451.104,-6.2,10.2,25.3,11.9,-19.4,-3.6,11.6,0,-12.8,3.3,18.4,5.9,60,171,296,135,-9999,-9999,-9999,-9999,1161,205,0,118,2,255,1238,349,2766,1359,112,1104,0,10,156,11,0,26,92,32,60,40,0,19,0,173,396,115,0,34,100,8,46,53,60,60,6.02,6.65,-3.82,0.63,3.7,19.8,-15,34.8,661,441,20.7,44.8,1484,1844,5341,177,150,143,264,121,120,-42.1,39,-9999,684,142,54,9.48,966,7.44427066601219
"14",2966,"Minnesota",47.6,92.5,1700,110,122,6.75,"Minnesota",47.6,-92.5,518.16,-6.9,9.7,24,10.5,-18.9,-4,10.1,-0.7,-12.9,2.9,17,4.9,61,155,300,165,-9999,-9999,-9999,-9999,1169,206,0,142,1,221,1109,293,2774,1390,179,1195,0,8,89,7,0,17,92,31,60,38,0,30,0,169,383,107,0,42,83,0,49,53,58,62,6.07,5.43,-1.57,5.36,3,18.5,-14.7,33.2,681,455,19,40.6,1517,1624,5537,103,140,149,260,111,128,-41.9,36.8,-9999,659,125,56,15.29,793,7.55879479620368
"15",2967,"Minnesota",47.8,90.2,1400,130,107.6,6.6,"Minnesota",47.8,-90.2,426.72,-5.4,7.8,21.5,10.1,-16.2,-3.6,9.7,0.6,-10.8,2.1,15.6,5.3,91,179,258,207,-9999,-9999,-9999,-9999,978,195,0,109,1,146,980,291,2582,1465,264,1155,0,2,50,6,0,9,92,33,89,60,1,35,0,145,336,97,0,13,79,0,54,59,64,67,9.05,10.91,0.37,10.73,3.1,17,-12.6,29.6,734,428,17.8,39.6,1282,1419,5466,58,133,153,264,111,185,-39.4,34.5,-9999,578,92,61,31.06,642,7.61689319427066
"16",2968,"Wisconsin",46.5,92.1,1150,140,123.6,6.8,"Wisconsin",46.5,-92.1,350.52,-4.6,11,25.8,12.6,-16.8,-3.3,10.3,0.6,-10.7,3.8,18.1,6.6,73,189,311,180,-9999,-9999,-9999,-9999,969,169,0,94,3,251,1204,375,2573,1308,129,1047,0,9,138,12,0,17,92,34,71,41,0,22,0,183,420,121,0,32,110,0,50,52,55,60,7.27,7.48,-4.65,4.31,4.5,19.4,-12.6,32,753,484,19.2,40.1,1233,1833,5057,158,142,150,265,115,134,-39.8,38.5,-9999,725,142,54,14.42,939,7.24900440481907
"17",2969,"West Virgina",39,79.7,2200,145,164,8.15,"West Virginia",39,-79.7,670.56,4.6,15.7,26.1,17.4,-7.1,1.5,12.1,3.1,-1.3,8.6,19.1,10.2,278,330,395,256,-9999,-9999,-9999,-9999,260,34,0,17,38,452,1296,553,1730,881,83,732,0,15,186,28,3,36,92,42,71,4,0,2,0,284,441,206,0,21,46,0,56,55,59,55,25.52,14.66,3.55,4.31,9.2,19.9,-1.8,21.7,1260,610,15.2,32.6,311,2338,3426,229,173,133,273,140,77,-30.3,35.6,-9999,932,67,56,48.03,1222,5.48011088039781
"18",2971,"Massachusetts",42.7,73.2,1610,150,116.4,7.35,"Massachusetts",42.7,-73.2,490.728,-0.9,11.3,24.3,14.2,-11,-0.3,11.7,2.9,-5.9,5.5,18,8.5,217,265,304,284,-9999,-9999,-9999,-9999,585,94,0,32,12,292,1196,443,2145,1162,128,874,0,8,128,15,1,31,92,42,172,35,0,7,0,180,393,157,0,13,89,0,59,61,62,63,21.67,15.2,-0.3,13.19,6.5,19.2,-7,26.2,1071,503,15.4,38.2,711,1944,4308,152,166,138,272,134,214,-34.2,35.3,-9999,730,102,61,49.77,983,6.28796415220316
"19",2973,"Georgia",34.8,83.8,4700,185,111.2,7.35,"Georgia",34.8,-83.8,1432.56,8.5,16.7,25.2,18.7,-4.8,3.3,12.7,4.4,1.8,10,19,11.5,450,469,454,365,-9999,-9999,-9999,-9999,127,19,0,9,85,531,1285,638,1453,761,86,623,0,17,178,36,6,52,92,54,29,2,0,1,113,302,429,234,35,0,0,0,54,57,63,56,38.81,26,9.9,11.86,10.6,19.4,1.4,18.1,1737,714,11.8,27.2,155,2538,2922,230,205,123,281,158,32,-27.6,34,-9999,1077,35,57,86.56,1290,4.67573849268751
"20",2976,"New York",42.3,77.3,1300,145,150.6,7.75,"New York",42.3,-77.3,396.24,1.5,13.5,26.3,16.1,-9.1,0.4,12,3.4,-3.8,7,19.2,9.8,138,215,229,194,-9999,-9999,-9999,-9999,426,61,0,22,19,365,1304,524,1957,1030,82,772,0,12,194,25,2,32,92,45,77,10,0,2,0,246,433,176,0,46,205,28,58,57,58,60,13.21,7.22,-12.73,0.72,8,20.2,-4.6,24.9,776,376,23.2,53.8,509,2212,3841,230,171,136,273,138,89,-31.8,36.7,-9999,856,279,58,8.43,1177,6.19523525819445
"21",2977,"Maine",44.8,68.6,250,142,109.8,7.3,"Maine",44.8,-68.6,76.2,-1.3,11.1,24.8,14,-12,-0.6,12.1,3,-6.6,5.2,18.4,8.5,248,223,232,294,-9999,-9999,-9999,-9999,641,96,0,31,6,275,1238,437,2210,1184,112,877,0,7,156,13,1,30,92,44,210,32,0,7,0,175,391,145,0,28,160,0,56,60,62,64,24.79,11.69,-7.11,15.17,6.4,19.9,-7.6,27.5,997,399,16.4,49.8,768,1956,4384,176,167,139,272,133,250,-34.9,36.3,-9999,711,188,61,44.54,1013,6.79984516816666
"22",2978,"Michigan",46.7,87.9,1675,110,130.2,6.6,"Michigan",46.7,-87.9,510.54,-3.9,10,24.3,11.9,-13.7,-3.3,10.1,1.4,-8.8,3.3,17.2,6.7,133,210,281,245,-9999,-9999,-9999,-9999,810,180,0,79,3,221,1125,359,2403,1350,168,1039,0,5,95,10,1,20,92,36,126,60,0,28,0,172,391,113,0,23,110,0,59,54,58,65,13.31,10.7,-4.04,11.84,4.6,18.4,-10.1,28.5,868,464,16.8,39.7,1070,1707,4960,109,149,148,267,119,215,-36.7,36,-9999,675,133,59,31.81,845,7.30414449170325
"23",2979,"Pennsylvania",41.3,76.3,2300,150,132.3,7.35,"Pennsylvania",41.3,-76.3,701.04,-0.7,11.6,23.9,13.9,-9.4,0.6,13.2,4,-5,6.1,18.6,8.9,240,316,342,295,-9999,-9999,-9999,-9999,518,80,0,30,17,329,1249,475,2066,1104,104,841,0,10,159,20,2,33,92,53,171,28,0,6,0,182,374,155,0,0,32,0,64,63,68,68,23.89,19.74,5.38,14.79,7.2,19.8,-5.7,25.5,1193,562,14.4,35.2,628,2070,4116,189,180,132,277,146,205,-32.2,34.7,-9999,710,32,66,63.81,1075,5.96947940236539
"24",2980,"New York",49.2,74.9,1620,111,130.6,7.4,"New York",49.2,-74.9,493.776,-10.8,4.8,20.5,7.3,-22.3,-7.5,8.8,-1,-16.5,-1.3,14.6,3.1,186,175,338,280,-9999,-9999,-9999,-9999,1492,382,0,172,0,97,887,196,3098,1779,331,1354,0,4,29,3,0,2,92,30,186,100,1,96,0,84,321,81,0,9,3,0,50,55,64,70,18.63,12.58,9.81,20.7,0,16.2,-18.5,34.7,979,533,10.2,30.3,2046,1180,6562,36,124,156,258,102,383,-44.6,33.3,-9999,485,12,60,61.71,496,8.04025084753835
"25",2982,"Vermont",44.7,72.6,1250,115,124.5,7.25,"Vermont",44.7,-72.6,381,-3.4,10.1,24.2,13,-14.9,-2.2,11,1.5,-9.1,4,17.6,7.3,239,257,335,291,-9999,-9999,-9999,-9999,833,151,0,54,5,246,1159,377,2431,1298,147,987,0,8,109,10,0,28,92,34,228,73,0,19,0,172,391,143,0,14,56,0,53,58,60,62,23.91,15.7,2.69,15.48,4.9,18.8,-10.3,29.2,1122,526,13.3,35.8,1038,1788,4862,128,154,143,267,124,320,-37.9,35.8,-9999,706,70,58,57.77,898,6.77444924699454
"26",2983,"Illinois",41.9,89.4,680,164,112.3,7.45,"Illinois",41.9,-89.4,207.264,0.5,15.3,28.7,17.5,-8.9,3.2,15.9,5.3,-4.2,9.3,22.3,11.4,116,238,278,197,-9999,-9999,-9999,-9999,457,41,0,20,20,535,1589,665,1995,829,22,659,0,34,405,59,2,51,92,60,70,3,0,1,0,261,447,186,0,37,169,12,62,61,63,62,11.12,6.88,-10.35,-0.17,9.7,23.3,-5.7,29,828,455,23.8,51.2,518,2809,3505,498,205,120,285,166,74,-31.9,40.1,-9999,893,218,62,7.48,1657,6.10391518474205
"27",2985,"New Hampshire",44,71.4,1900,125,101.6,7,"New Hampshire",44,-71.4,579.12,-2.6,9.2,22.9,12.3,-13.9,-2.7,10,1,-8.3,3.3,16.4,6.6,306,324,337,351,-9999,-9999,-9999,-9999,766,159,0,59,5,199,1052,332,2355,1359,213,1040,0,4,66,7,0,21,92,32,284,110,0,31,0,165,375,140,0,0,38,0,53,59,61,63,30.63,23.23,4.83,22.42,4.5,17.7,-9.2,26.9,1318,561,11,31.5,984,1589,4967,77,146,146,264,118,425,-37.4,34.2,-9999,680,38,59,81.11,748,6.59964085285875
"28",2986,"New Hampshire",43.5,71.4,1300,130,145.4,7.6,"New Hampshire",43.5,-71.4,396.24,-0.2,11.9,25.2,14.4,-10.5,0,12.4,3.5,-5.4,5.9,18.8,8.9,277,279,278,302,-9999,-9999,-9999,-9999,545,80,0,28,12,314,1270,468,2098,1122,96,841,0,10,172,18,1,31,92,48,207,28,0,6,0,184,400,152,0,15,123,0,58,60,62,65,27.62,15.9,-4.19,15.1,7.1,20,-6.4,26.4,1136,468,15,42.8,653,2064,4157,200,172,136,274,139,241,-33.5,36.1,-9999,736,138,61,54.44,1085,6.4778370587396
"29",2987,"Michigan",47,88.7,1250,140,108.3,6.9,"Michigan",47,-88.7,381,-4.1,9,23.3,11.6,-12.5,-2.6,11.2,2.4,-8.3,3.2,17.3,7,178,193,267,229,-9999,-9999,-9999,-9999,767,179,0,68,3,209,1130,372,2356,1358,167,1011,0,4,99,10,1,24,92,45,164,55,0,22,0,158,362,106,0,16,95,0,64,59,63,69,17.85,10.31,-1.61,11.2,4.8,18.5,-9.5,28,868,441,17,41.9,1015,1714,4893,113,161,144,271,128,241,-35.1,35.2,-9999,625,111,64,37.75,850,7.38782392682592
"30",2996,"New York",42.5,74.2,2100,135,129.4,7.35,"New York",42.5,-74.2,640.08,0.3,11.7,24.6,14.9,-12,-2,10.1,1.6,-5.8,4.9,17.4,8.3,211,251,259,258,-9999,-9999,-9999,-9999,580,108,0,31,12,260,1142,417,2139,1216,157,899,0,6,101,13,1,24,92,33,167,44,0,6,0,190,415,169,0,21,155,0,51,54,57,57,21.03,12.99,-7.72,8.86,6.2,18.7,-6.6,25.3,979,441,16.5,42.3,720,1830,4411,120,150,144,265,121,217,-35.3,35.3,-9999,774,176,55,35.17,896,6.24142073499718
"31",2997,"Quebec",47,70.3,400,120,100.8,6.8,"Quebec",47,-70.3,121.92,-5.4,8.3,23.1,11.3,-15.3,-2.8,11.2,1.7,-10.4,2.7,17.1,6.5,211,196,278,246,-9999,-9999,-9999,-9999,944,193,0,69,1,198,1119,335,2544,1406,172,1054,0,5,93,8,0,24,92,36,205,78,0,25,0,152,358,105,0,28,80,0,58,61,64,68,21.05,11.52,0.73,13.62,4,18.5,-11.8,30.4,931,440,15,42.2,1206,1653,5176,106,153,144,267,123,308,-38.3,35.3,-9999,616,108,62,46.92,821,7.38782392682592
"32",2998,"Quebec",48.2,70.2,1000,107,108.4,6.4,"Quebec",48.2,-70.2,304.8,-8,6,21.2,8.8,-17.8,-4.8,9.6,0.3,-12.9,0.6,15.4,4.6,208,197,299,268,-9999,-9999,-9999,-9999,1168,275,0,112,0,125,959,239,2773,1602,279,1223,0,3,43,4,0,8,92,32,206,108,1,62,0,134,329,89,0,17,31,0,58,61,65,70,20.78,13.93,5.58,18.32,1.9,16.9,-14.7,31.5,972,468,12.3,36.1,1555,1323,5877,50,131,152,261,109,377,-40.8,33.5,-9999,552,48,63,58.6,590,7.73481733937698
"33",2999,"Quebec",47.4,72.6,1000,107,124.1,6.95,"Quebec",47.4,-72.6,304.8,-7.1,8.2,23,10.2,-19.3,-4.7,10,0.4,-13.2,1.8,16.5,5.3,212,198,305,267,-9999,-9999,-9999,-9999,1190,243,0,101,1,180,1058,284,2795,1497,209,1159,0,6,68,6,0,13,92,32,211,92,0,51,0,156,365,101,0,28,59,0,49,54,61,66,21.21,11.74,2.15,16.48,2.6,17.8,-15,32.8,982,480,12.8,37,1534,1522,5660,80,137,150,262,112,354,-41.8,35.5,-9999,622,87,58,51.58,726,7.50125750135298
"34",3000,"Quebec",47.5,75,1500,90,104,6.6,"Quebec",47.5,-75,457.2,-8.1,7.3,22,9.4,-19.8,-6,9,-0.2,-14,0.7,15.5,4.6,223,193,328,281,-9999,-9999,-9999,-9999,1263,290,0,118,1,148,966,246,2868,1597,273,1223,0,5,43,4,0,6,92,31,222,102,1,66,0,150,354,97,0,26,30,0,50,53,60,67,22.34,12.12,5.61,18.63,1.7,16.8,-15.7,32.5,1025,514,11.4,32.6,1671,1362,5961,52,129,153,259,106,391,-42.5,34.1,-9999,601,56,58,58.69,606,7.52995668279791
"35",3001,"Quebec",49.2,65.1,300,135,95.6,6.25,"Quebec",49.2,-65.1,91.44,-5.3,4.6,19.5,9.5,-13.5,-3.8,9.9,1.3,-9.4,0.4,14.7,5.4,244,190,232,221,-9999,-9999,-9999,-9999,861,248,0,74,0,80,897,254,2454,1619,330,1149,0,0,33,4,0,8,92,33,233,112,1,29,0,110,292,84,0,5,60,0,65,69,70,72,24.44,15.15,2.93,13.69,2.8,16.4,-10.8,27.2,887,368,14.4,44.7,1183,1230,5552,37,133,152,264,111,375,-36.4,31.6,-9999,486,65,69,56.2,530,8.04025084753835
"36",3002,"Ontario",45.1,76.9,1000,115,136.3,7.2,"Ontario",45.1,-76.9,304.8,-4.5,9.5,24.4,12.7,-14.6,-1.8,12,2.6,-9.6,3.8,18.2,7.6,185,186,211,217,-9999,-9999,-9999,-9999,870,164,0,48,6,249,1216,399,2471,1308,120,957,0,9,140,13,0,29,92,41,177,55,0,11,0,165,382,135,0,33,171,0,57,61,63,67,18.45,9.25,-8.87,8.82,5,19.6,-11.2,30.8,799,360,18.8,54.4,1082,1869,4855,163,162,139,271,132,243,-37.5,36.5,-9999,682,204,62,27.65,961,6.87668832687591
"37",3003,"Ontario",46.1,79,1000,115,117.2,6.95,"Ontario",46.1,-79,304.8,-5.3,9.3,23.8,11.7,-16.9,-3.9,10.2,1.3,-11.1,2.7,17,6.5,181,178,248,251,-9999,-9999,-9999,-9999,1005,205,0,71,3,209,1104,339,2610,1401,179,1054,0,7,85,8,0,17,92,34,177,65,0,25,0,168,384,113,0,41,135,0,52,54,59,65,18.07,8.46,-5.31,13.21,3.8,18.2,-12.8,31,858,412,16.1,44.2,1281,1654,5244,100,143,148,265,117,267,-39.7,35.9,-9999,664,176,58,34.43,807,7.14023269201465
"38",3004,"Ontario",46.7,79.6,1000,115,119.8,6.95,"Ontario",46.7,-79.6,304.8,-6.2,8.5,23.2,10.9,-17.3,-3.6,11,1.5,-11.8,2.4,17.1,6.2,170,178,249,246,-9999,-9999,-9999,-9999,1060,224,0,79,2,204,1117,326,2669,1438,172,1080,0,7,91,7,0,23,92,35,168,71,0,29,0,157,362,104,0,35,112,0,53,57,63,68,17.03,9.35,-2.96,13.83,3.5,18.4,-13.7,32.1,844,414,16,44.5,1362,1650,5360,106,150,145,267,122,268,-40.1,35.8,-9999,623,147,60,37.25,812,7.30414449170325
"39",3063,"Nova Scotia",44.1,65.8,350,140,101.2,7.65,"Nova Scotia",44.1,-65.8,106.68,1,8.4,19.7,13.3,-6.5,0.2,10.4,5.1,-2.7,4.3,15,9.2,383,295,255,343,-9999,-9999,-9999,-9999,352,86,0,16,11,177,925,452,1856,1264,304,811,0,0,36,11,3,29,92,60,162,42,1,3,0,137,305,129,0,0,50,0,70,71,71,73,37.37,22.44,5.37,21.88,6.5,16,-3.8,19.8,1275,448,12.9,35.8,454,1564,4235,47,184,138,280,142,208,-28.8,30.7,-9999,572,50,71,87.06,660,6.62430232987345
"40",3065,"Nova Scotia",45.4,61.8,450,102,86.1,7.2,"Nova Scotia",45.4,-61.8,137.16,-0.2,7.1,21.3,13.2,-9.1,-2.3,10.2,3.9,-4.7,2.4,15.8,8.6,354,281,262,355,-9999,-9999,-9999,-9999,489,148,0,22,5,117,996,417,2028,1437,255,869,0,0,59,11,2,10,92,51,222,108,1,6,0,134,336,130,0,0,74,0,64,66,66,69,35.01,22.27,2.39,22.84,5.5,17.3,-6.1,23.4,1252,448,12.4,38.5,660,1535,4589,70,155,149,273,125,336,-31.3,33,-9999,601,74,66,82.5,705,6.95453493141704
"41",3066,"New Brunswick",47.4,65.2,300,130,131.4,6.85,"New Brunswick",47.4,-65.2,91.44,-3.9,7.2,22.7,11.8,-13.9,-3.1,10.9,1.9,-8.9,2.1,16.8,6.8,245,202,229,259,-9999,-9999,-9999,-9999,814,193,0,55,0,144,1087,339,2409,1468,197,1025,0,3,86,8,0,17,92,35,231,94,0,19,0,137,349,120,0,18,120,0,58,63,64,67,24.45,13.93,-3.19,14.58,4.2,18.4,-10.2,28.6,934,376,15.2,49,1061,1571,5099,97,144,148,267,119,344,-36.8,35.1,-9999,605,138,63,49.77,772,7.50125750135298
"42",3067,"New Brunswick",47.5,67.4,925,70,131.8,6.45,"New Brunswick",47.5,-67.4,281.94,-6.3,7.3,22.2,10.2,-16.9,-4.6,9.4,0.1,-11.6,1.4,15.8,5.2,239,208,283,273,-9999,-9999,-9999,-9999,1042,240,0,94,0,143,997,266,2653,1531,253,1167,0,4,53,5,0,8,92,31,235,101,1,50,0,146,355,101,0,16,72,0,55,57,61,66,23.89,13.96,1.34,17.18,2.7,17.4,-13,30.4,1003,456,12.7,38.2,1376,1406,5604,61,131,153,260,107,387,-39.9,34.5,-9999,602,88,60,56.37,647,7.52995668279791
"43",3068,"New Brunswick",46,66.4,300,126,146.4,7.3,"New Brunswick",46,-66.4,91.44,-3.1,9.2,23.6,12.6,-13.7,-2.1,11.1,2.1,-8.4,3.5,17.4,7.4,278,228,251,286,-9999,-9999,-9999,-9999,778,147,0,46,2,207,1139,370,2367,1327,164,978,0,5,105,10,0,25,92,37,259,70,0,15,0,157,371,132,0,20,121,0,56,61,62,65,27.77,14.17,-3.14,16.2,5,18.9,-9.6,28.5,1043,417,14.4,45.2,970,1718,4835,119,154,145,268,123,345,-36.7,35.6,-9999,661,141,61,55,857,7.11334736827744
"44",3241,"Nova Scotia",46.6,60.5,100,120,146,7.1,"Nova Scotia",46.6,-60.5,30.48,0.1,6.3,21,13,-7.4,-2,11,4.7,-3.7,2.1,16,8.8,376,277,261,359,-9999,-9999,-9999,-9999,417,150,0,19,6,98,1017,431,1937,1463,244,845,0,0,71,11,3,11,92,56,195,114,1,4,0,122,318,119,0,0,64,0,70,70,69,73,37,22.74,3.77,24,5.8,17.8,-5.3,23.1,1271,445,12.5,39.9,586,1551,4490,83,162,147,276,130,314,-29,32.8,-9999,558,64,70,87.52,727,7.27651062624819
"45",3242,"Nova Scotia",44.8,65.2,650,130,117.8,7.05,"Nova Scotia",44.8,-65.2,198.12,-0.4,9,22.7,13.3,-9,-1,10.6,3.4,-4.7,4,16.6,8.3,370,272,257,340,-9999,-9999,-9999,-9999,493,112,0,25,6,194,1074,404,2035,1292,202,890,0,2,78,10,2,25,92,46,241,63,0,6,0,153,361,136,0,6,104,0,65,65,64,68,36.76,18.9,-1,20.88,6.1,18.1,-5.7,23.8,1239,441,13,41,630,1678,4420,90,165,143,272,129,311,-31.4,33.6,-9999,651,110,65,75.54,796,6.79984516816666
"46",3243,"Newfoundland",47.2,53.4,50,110,117.9,6.15,"Newfoundland",47.2,-53.4,15.24,1.1,6,17.4,11.7,-6.2,-1.6,9.1,4.2,-2.5,2.2,13.3,8,389,294,297,363,-9999,-9999,-9999,-9999,341,126,0,22,4,73,767,358,1840,1456,449,919,0,0,20,7,4,7,92,52,160,101,3,7,0,113,264,106,0,0,0,0,70,73,73,75,37.89,25.03,12.87,26.13,5.2,15.4,-3.7,19.1,1342,493,11.3,31.3,489,1201,4664,27,155,151,273,122,270,-28.4,29.6,-9999,483,0,73,101.92,463,7.44427066601219
"47",3244,"Newfoundland",48.6,58.2,400,110,135,6.5,"Newfoundland",48.6,-58.2,121.92,-2,5,18.3,10.2,-8.6,-2.9,10,3.4,-5.3,1.1,14.2,6.8,343,220,274,340,-9999,-9999,-9999,-9999,538,195,0,39,0,71,848,304,2086,1559,378,1023,0,0,28,6,2,7,92,45,237,114,2,16,0,109,268,94,0,0,13,0,72,71,74,77,34.11,18.15,9.55,25.25,4.2,15.7,-7.2,22.8,1178,459,12,34.1,771,1223,5046,34,146,151,270,120,368,-30.4,30.8,-9999,471,13,73,87.05,507,7.85512110018646
"48",3294,"Kentucky",36.9,82.9,3600,180,142.5,8.55,"Kentucky",36.9,-82.9,1097.28,6.2,16.9,26.1,18.1,-4.8,3.8,13.4,4.9,0.7,10.3,19.7,11.5,435,411,429,297,-9999,-9999,-9999,-9999,168,18,0,11,65,558,1354,641,1554,733,64,634,0,23,227,41,5,54,92,58,48,1,0,1,62,296,435,217,26,8,18,4,60,59,63,59,39.54,20.4,6.72,6.96,10.6,20.5,-0.2,20.7,1573,656,13.1,31.2,196,2618,2984,291,208,124,283,159,50,-27.4,35.4,-9999,1010,56,60,73.62,1386,5.06501676543951
"49",3295,"Iowa",42.4,93.1,1050,150,151.1,7.3,"Iowa",42.4,-93.1,320.04,-0.9,14.3,28,16.5,-11.3,2.2,15.5,3.9,-6.1,8.3,21.8,10.2,74,229,311,168,-9999,-9999,-9999,-9999,599,62,0,31,14,492,1541,590,2164,918,28,744,0,31,368,41,1,43,92,56,60,9,0,2,0,250,434,179,0,33,122,20,58,60,63,60,7.43,7.33,-5.78,-2.17,8.5,22.8,-8,30.8,783,493,23.7,46.3,693,2636,3854,440,192,123,280,157,71,-34.5,40.1,-9999,863,175,60,6.81,1535,6.21828361734679
"50",3297,"Wisconsin",44.5,90.4,1100,130,125.1,7.5,"Wisconsin",44.5,-90.4,335.28,-3,12.4,26.6,14.3,-14.3,-0.6,12.5,1.9,-8.7,5.9,19.5,8.1,76,214,302,201,-9999,-9999,-9999,-9999,803,117,0,58,7,361,1338,457,2392,1129,71,916,0,16,218,19,0,32,92,40,72,30,0,10,0,195,425,155,0,27,123,0,54,57,59,60,7.63,8.22,-5.53,3.97,6.2,20.6,-10.3,30.9,793,502,20.5,41.1,978,2162,4507,253,165,137,271,134,112,-37.3,38.9,-9999,776,150,57,14.3,1174,6.72397944154775
"51",3298,"Wisconsin",45.7,89,1710,110,96.1,7.45,"Wisconsin",45.7,-89,521.208,-4,11,24.6,12.2,-15.5,-3.1,10.9,0.9,-9.8,4,17.7,6.6,88,200,309,214,-9999,-9999,-9999,-9999,887,169,0,87,4,262,1173,361,2492,1298,139,1048,0,9,115,10,0,25,92,35,85,45,0,25,0,183,395,119,0,25,86,0,52,52,59,62,8.84,8.56,-1.47,8.31,4.6,18.8,-11.2,30.1,812,499,18,37.8,1143,1799,4978,134,152,144,266,122,155,-38.5,36.5,-9999,697,111,57,24.24,910,7.0334119529625
"52",3299,"Virginia",37.8,79.1,3000,175,111.7,7.65,"Virginia",37.8,-79.1,914.4,4.9,16,25.8,16.9,-4.3,4.9,15.2,6.5,0.3,10.4,20.5,11.7,283,330,402,321,-9999,-9999,-9999,-9999,181,20,0,11,59,572,1424,660,1586,728,47,618,0,28,278,44,6,59,92,62,36,1,0,1,53,271,402,190,22,1,13,0,66,64,68,67,25.11,14.85,7.77,13.07,10.7,21.3,-0.1,21.4,1336,663,15.5,32.2,211,2715,2979,350,219,118,290,173,38,-26.5,35.2,-9999,917,36,66,60.79,1481,5.23952128302812
"53",3309,"Ontario",47.5,84.8,1000,110,118.4,6.75,"Ontario",47.5,-84.8,304.8,-5.8,7.1,20.8,9.7,-16.2,-4.3,8.7,1.3,-11,1.4,14.8,5.5,235,199,249,289,-9999,-9999,-9999,-9999,995,239,0,90,1,138,903,286,2598,1530,320,1136,0,2,33,5,0,10,92,35,230,90,1,47,0,142,333,92,0,15,85,0,56,59,63,71,23.5,13.43,0.58,19.76,2.7,15.9,-12.7,28.5,972,429,13.1,37,1323,1328,5584,40,137,156,266,110,368,-39.3,33.7,-9999,567,100,62,57.27,563,7.52995668279791
"54",3311,"Ontario",45,81.4,625,145,139.6,7.25,"Ontario",45,-81.4,190.5,-1.8,8.7,22.4,13.1,-9.8,-0.8,12.3,5,-5.8,3.9,17.3,9,237,175,192,248,-9999,-9999,-9999,-9999,575,132,0,26,8,211,1137,471,2132,1298,164,830,0,3,104,17,1,29,92,59,174,44,0,4,0,149,338,126,0,34,146,0,67,67,69,74,23.56,9.44,-5.3,12.49,6.1,18.4,-7,25.4,853,337,18.9,54.6,733,1826,4425,124,182,138,281,143,222,-31.9,34.3,-9999,613,180,69,40.19,902,6.85096375054098
"55",3312,"Pennsylvania",41.6,78.7,1800,120,158.4,7.75,"Pennsylvania",41.6,-78.7,548.64,0.5,13.2,25.4,15.3,-9.6,-0.2,11,2.7,-4.5,6.5,18.2,9,229,311,306,260,-9999,-9999,-9999,-9999,477,70,0,28,17,341,1215,473,2018,1071,117,836,0,9,136,19,2,31,92,39,149,20,0,5,0,248,427,175,0,6,121,5,59,56,58,60,22.66,16.86,-3.99,8.3,7.3,19.1,-5.2,24.4,1106,510,15.6,37.5,574,2045,4041,164,163,139,270,131,174,-32.4,35.7,-9999,849,132,58,43.83,1042,6.03632272373691
